{"cameraMode":{"drawMode":0,"name":"Shaded","section":"Shading Mode"},"sceneLighting":true,"audioPlay":false,"sceneViewState":{"m_AlwaysRefresh":false,"showFog":true,"showSkybox":true,"showFlares":true,"showImageEffects":true,"showParticleSystems":true,"showVisualEffectGraphs":true,"m_FxEnabled":true},"in2DMode":false,"pivot":{"x":1.5132956504821778,"y":7.999380111694336,"z":-11.734672546386719},"rotation":{"x":0.10946853458881378,"y":0.04679471254348755,"z":-0.005158083513379097,"w":0.992886483669281},"size":0.7611502408981323,"orthographic":false}