{"cameraMode":{"drawMode":0,"name":"Shaded","section":"Shading Mode"},"sceneLighting":false,"audioPlay":false,"sceneViewState":{"m_AlwaysRefresh":false,"showFog":true,"showSkybox":false,"showFlares":true,"showImageEffects":true,"showParticleSystems":true,"showVisualEffectGraphs":true,"m_FxEnabled":true},"in2DMode":false,"pivot":{"x":1.307999849319458,"y":1.5340001583099366,"z":1.8940000534057618},"rotation":{"x":-0.10612376034259796,"y":0.8264608979225159,"z":-0.16633598506450654,"w":-0.5272891521453857},"size":1.1874208450317383,"orthographic":false}